Foto;Kategorie;Beschreibung;Thumbnail;Bild
Pressefoto 01;Pressefoto;;Werksturbo-Presse-01-thumb.jpg;Werksturbo-Presse-01.jpg
Pressefoto 02;Pressefoto;;Werksturbo-Presse-02-thumb.jpg;Werksturbo-Presse-02.jpg
Pressefoto 03;Pressefoto;;Werksturbo-Presse-03-thumb.jpg;Werksturbo-Presse-03.jpg
Pressefoto 04;Pressefoto;;Werksturbo-Presse-04-thumb.jpg;Werksturbo-Presse-04.jpg
Pressefoto 05;Pressefoto;;Werksturbo-Presse-05-thumb.jpg;Werksturbo-Presse-05.jpg
Pressefoto 06;Pressefoto;;Werksturbo-Presse-06-thumb.jpg;Werksturbo-Presse-06.jpg
Pressefoto 07;Pressefoto;;Werksturbo-Presse-07-thumb.jpg;Werksturbo-Presse-07.jpg
Pressefoto 08;Pressefoto;;Werksturbo-Presse-08-thumb.jpg;Werksturbo-Presse-08.jpg
Pressefoto 09;Pressefoto;;Werksturbo-Presse-09-thumb.jpg;Werksturbo-Presse-09.jpg
